investor_id,avg_gap_days,max_gap_days,sip_count,status
INV000004,85.4,265.0,5,At-Risk
INV000008,70.4,165.0,5,At-Risk
INV000010,64.8,139.0,5,At-Risk
INV000011,40.166666666666664,125.0,6,At-Risk
INV000012,57.0,132.0,7,At-Risk
INV000013,55.333333333333336,104.0,6,At-Risk
INV000014,75.33333333333333,128.0,6,At-Risk
INV000023,58.57142857142857,115.0,7,At-Risk
INV000028,93.6,238.0,5,At-Risk
INV000029,60.666666666666664,96.0,6,At-Risk
INV000030,47.625,100.0,8,At-Risk
INV000033,45.57142857142857,87.0,7,At-Risk
INV000039,68.6,129.0,5,At-Risk
INV000045,70.6,109.0,5,At-Risk
INV000048,46.0,168.0,8,At-Risk
INV000052,36.2,120.0,5,At-Risk
INV000056,74.8,161.0,5,At-Risk
INV000057,49.714285714285715,149.0,7,At-Risk
INV000069,49.111111111111114,129.0,9,At-Risk
INV000072,83.0,247.0,5,At-Risk
INV000073,48.25,112.0,8,At-Risk
INV000074,72.57142857142857,191.0,7,At-Risk
INV000075,74.8,102.0,5,At-Risk
INV000076,91.8,203.0,5,At-Risk
INV000079,65.8,90.0,5,At-Risk
INV000081,81.33333333333333,167.0,6,At-Risk
INV000082,83.66666666666667,351.0,6,At-Risk
INV000086,44.666666666666664,167.0,9,At-Risk
INV000087,92.8,202.0,5,At-Risk
INV000091,44.0,105.0,7,At-Risk
INV000093,55.5,91.0,6,At-Risk
INV000094,44.8,95.0,5,At-Risk
INV000095,69.4,155.0,5,At-Risk
INV000097,54.5,183.0,6,At-Risk
INV000101,65.0,197.0,7,At-Risk
INV000102,65.28571428571429,109.0,7,At-Risk
INV000103,83.4,232.0,5,At-Risk
INV000105,57.0,87.0,7,At-Risk
INV000109,46.25,63.0,8,At-Risk
INV000113,46.0,144.0,7,At-Risk
INV000123,59.666666666666664,142.0,6,At-Risk
INV000128,82.0,181.0,5,At-Risk
INV000131,56.0,123.0,6,At-Risk
INV000132,71.0,139.0,5,At-Risk
INV000133,88.2,265.0,5,At-Risk
INV000138,76.2,220.0,5,At-Risk
INV000145,89.4,282.0,5,At-Risk
INV000146,66.8,171.0,5,At-Risk
INV000148,52.0,168.0,8,At-Risk
INV000155,37.333333333333336,99.0,6,At-Risk
INV000161,73.0,213.0,6,At-Risk
INV000163,61.0,80.0,7,At-Risk
INV000164,61.8,208.0,5,At-Risk
INV000169,67.83333333333333,145.0,6,At-Risk
INV000173,57.666666666666664,165.0,6,At-Risk
INV000175,83.66666666666667,170.0,6,At-Risk
INV000177,65.42857142857143,278.0,7,At-Risk
INV000180,61.8,229.0,5,At-Risk
INV000183,56.125,216.0,8,At-Risk
INV000191,56.5,161.0,6,At-Risk
INV000194,58.0,109.0,6,At-Risk
INV000195,77.4,114.0,5,At-Risk
INV000196,69.0,176.0,6,At-Risk
INV000201,51.125,100.0,8,At-Risk
INV000205,62.57142857142857,193.0,7,At-Risk
INV000210,70.71428571428571,163.0,7,At-Risk
INV000214,94.8,306.0,5,At-Risk
INV000217,92.0,183.0,5,At-Risk
INV000228,59.75,188.0,8,At-Risk
INV000236,67.14285714285714,112.0,7,At-Risk
INV000238,93.6,287.0,5,At-Risk
INV000239,48.857142857142854,105.0,7,At-Risk
INV000243,88.2,137.0,5,At-Risk
INV000245,92.2,164.0,5,At-Risk
INV000249,45.5,162.0,6,At-Risk
INV000252,50.4,96.0,5,At-Risk
INV000255,48.6,103.0,5,At-Risk
INV000256,70.2,155.0,5,At-Risk
INV000259,70.6,165.0,5,At-Risk
INV000260,59.57142857142857,206.0,7,At-Risk
INV000262,53.57142857142857,122.0,7,At-Risk
INV000263,68.42857142857143,271.0,7,At-Risk
INV000265,53.44444444444444,140.0,9,At-Risk
INV000268,62.333333333333336,143.0,6,At-Risk
INV000279,43.375,133.0,8,At-Risk
INV000280,55.75,191.0,8,At-Risk
INV000283,68.0,195.0,5,At-Risk
INV000287,69.83333333333333,301.0,6,At-Risk
INV000289,62.714285714285715,142.0,7,At-Risk
INV000291,89.0,196.0,5,At-Risk
INV000292,46.0,95.0,6,At-Risk
INV000293,47.0,91.0,6,At-Risk
INV000297,90.6,163.0,5,At-Risk
INV000299,85.2,240.0,5,At-Risk
INV000304,70.0,204.0,6,At-Risk
INV000309,52.0,157.0,7,At-Risk
INV000310,75.83333333333333,164.0,6,At-Risk
INV000318,97.4,175.0,5,At-Risk
INV000319,73.5,201.0,6,At-Risk
INV000321,72.83333333333333,204.0,6,At-Risk
INV000328,37.5,73.0,8,At-Risk
INV000331,50.714285714285715,163.0,7,At-Risk
INV000334,25.5,60.0,6,Regular
INV000335,96.0,279.0,5,At-Risk
INV000339,94.0,195.0,5,At-Risk
INV000341,54.42857142857143,191.0,7,At-Risk
INV000356,54.4,157.0,5,At-Risk
INV000359,54.125,197.0,8,At-Risk
INV000363,77.0,153.0,6,At-Risk
INV000369,43.8,112.0,5,At-Risk
INV000371,59.285714285714285,147.0,7,At-Risk
INV000372,54.5,121.0,6,At-Risk
INV000380,97.0,272.0,5,At-Risk
INV000388,53.625,119.0,8,At-Risk
INV000392,77.16666666666667,205.0,6,At-Risk
INV000395,55.666666666666664,119.0,6,At-Risk
INV000396,83.2,153.0,5,At-Risk
INV000399,49.55555555555556,68.0,9,At-Risk
INV000400,62.6,101.0,5,At-Risk
INV000403,58.2,90.0,5,At-Risk
INV000407,82.4,157.0,5,At-Risk
INV000408,46.8,125.0,5,At-Risk
INV000412,43.714285714285715,70.0,7,At-Risk
INV000414,66.28571428571429,233.0,7,At-Risk
INV000415,66.16666666666667,128.0,6,At-Risk
INV000418,86.8,238.0,5,At-Risk
INV000427,68.5,116.0,6,At-Risk
INV000428,52.142857142857146,164.0,7,At-Risk
INV000429,77.2,187.0,5,At-Risk
INV000437,97.8,295.0,5,At-Risk
INV000440,69.57142857142857,162.0,7,At-Risk
INV000441,60.8,151.0,5,At-Risk
INV000444,73.2,129.0,5,At-Risk
INV000445,57.75,129.0,8,At-Risk
INV000446,38.6,101.0,5,At-Risk
INV000449,46.8,70.0,5,At-Risk
INV000452,49.375,123.0,8,At-Risk
INV000457,91.4,256.0,5,At-Risk
INV000460,43.4,107.0,5,At-Risk
INV000463,65.16666666666667,181.0,6,At-Risk
INV000466,73.33333333333333,135.0,6,At-Risk
INV000467,56.666666666666664,272.0,9,At-Risk
INV000469,70.5,183.0,6,At-Risk
INV000483,70.42857142857143,252.0,7,At-Risk
INV000491,95.0,202.0,5,At-Risk
INV000493,47.55555555555556,201.0,9,At-Risk
INV000497,71.83333333333333,191.0,6,At-Risk
INV000499,77.83333333333333,157.0,6,At-Risk
INV000507,70.16666666666667,249.0,6,At-Risk
INV000512,54.75,112.0,8,At-Risk
INV000522,100.8,309.0,5,At-Risk
INV000524,55.0,91.0,6,At-Risk
INV000527,50.8,116.0,5,At-Risk
INV000529,59.2,110.0,5,At-Risk
INV000531,47.0,82.0,6,At-Risk
INV000539,77.0,153.0,6,At-Risk
INV000540,73.5,123.0,6,At-Risk
INV000543,83.66666666666667,218.0,6,At-Risk
INV000545,80.6,181.0,5,At-Risk
INV000546,55.0,154.0,8,At-Risk
INV000547,55.8,140.0,5,At-Risk
INV000549,96.2,146.0,5,At-Risk
INV000553,72.0,172.0,5,At-Risk
INV000554,70.2,171.0,5,At-Risk
INV000556,52.42857142857143,156.0,7,At-Risk
INV000562,74.4,197.0,5,At-Risk
INV000563,76.33333333333333,198.0,6,At-Risk
INV000566,35.0,119.0,6,Regular
INV000567,63.8,166.0,5,At-Risk
INV000568,62.4,180.0,5,At-Risk
INV000570,67.28571428571429,186.0,7,At-Risk
INV000573,50.833333333333336,154.0,6,At-Risk
INV000575,71.6,155.0,5,At-Risk
INV000578,66.83333333333333,164.0,6,At-Risk
INV000581,78.33333333333333,160.0,6,At-Risk
INV000586,44.5,111.0,6,At-Risk
INV000589,59.125,90.0,8,At-Risk
INV000591,64.5,112.0,6,At-Risk
INV000593,74.2,179.0,5,At-Risk
INV000596,51.75,140.0,8,At-Risk
INV000597,88.6,198.0,5,At-Risk
INV000599,81.5,171.0,6,At-Risk
INV000607,66.66666666666667,209.0,6,At-Risk
INV000608,100.2,324.0,5,At-Risk
INV000609,47.0,87.0,5,At-Risk
INV000612,49.3,169.0,10,At-Risk
INV000615,55.833333333333336,139.0,6,At-Risk
INV000624,31.666666666666668,53.0,6,Regular
INV000625,86.4,134.0,5,At-Risk
INV000630,68.66666666666667,161.0,6,At-Risk
INV000631,54.0,145.0,5,At-Risk
INV000634,52.25,147.0,8,At-Risk
INV000635,75.0,240.0,5,At-Risk
INV000641,54.8,126.0,5,At-Risk
INV000642,53.5,139.0,8,At-Risk
INV000645,66.0,127.0,5,At-Risk
INV000646,62.333333333333336,138.0,6,At-Risk
INV000651,94.0,304.0,5,At-Risk
INV000652,93.8,262.0,5,At-Risk
INV000657,64.71428571428571,106.0,7,At-Risk
INV000662,66.14285714285714,185.0,7,At-Risk
INV000663,94.4,247.0,5,At-Risk
INV000665,36.22222222222222,148.0,9,At-Risk
INV000667,68.0,134.0,5,At-Risk
INV000673,92.8,235.0,5,At-Risk
INV000675,62.8,155.0,5,At-Risk
INV000676,35.3,106.0,10,At-Risk
INV000678,63.333333333333336,140.0,6,At-Risk
INV000683,54.5,137.0,8,At-Risk
INV000690,56.285714285714285,134.0,7,At-Risk
INV000691,66.4,163.0,5,At-Risk
INV000698,52.25,219.0,8,At-Risk
INV000699,42.8,147.0,5,At-Risk
INV000701,83.66666666666667,298.0,6,At-Risk
INV000707,34.375,106.0,8,Regular
INV000709,65.16666666666667,128.0,6,At-Risk
INV000710,88.6,264.0,5,At-Risk
INV000714,37.0,95.0,8,At-Risk
INV000718,57.833333333333336,118.0,6,At-Risk
INV000719,72.83333333333333,185.0,6,At-Risk
INV000724,81.2,227.0,5,At-Risk
INV000725,67.66666666666667,92.0,6,At-Risk
INV000734,64.0,180.0,7,At-Risk
INV000737,92.6,168.0,5,At-Risk
INV000747,84.6,205.0,5,At-Risk
INV000750,26.5,84.0,8,Regular
INV000751,53.0,193.0,8,At-Risk
INV000754,72.33333333333333,103.0,6,At-Risk
INV000759,83.0,156.0,6,At-Risk
INV000761,75.16666666666667,173.0,6,At-Risk
INV000768,60.0,124.0,7,At-Risk
INV000772,46.0,81.0,5,At-Risk
INV000774,73.66666666666667,169.0,6,At-Risk
INV000776,59.42857142857143,116.0,7,At-Risk
INV000777,66.0,121.0,5,At-Risk
INV000778,59.714285714285715,182.0,7,At-Risk
INV000779,75.0,153.0,5,At-Risk
INV000783,89.8,187.0,5,At-Risk
INV000785,32.6,66.0,5,Regular
INV000786,64.125,199.0,8,At-Risk
INV000789,55.142857142857146,225.0,7,At-Risk
INV000793,69.14285714285714,149.0,7,At-Risk
INV000803,77.16666666666667,147.0,6,At-Risk
INV000814,94.0,195.0,5,At-Risk
INV000822,55.5,141.0,6,At-Risk
INV000823,39.666666666666664,69.0,6,At-Risk
INV000827,58.285714285714285,122.0,7,At-Risk
INV000830,72.2,165.0,5,At-Risk
INV000833,67.28571428571429,182.0,7,At-Risk
INV000836,84.8,123.0,5,At-Risk
INV000843,55.6,102.0,5,At-Risk
INV000844,66.16666666666667,151.0,6,At-Risk
INV000847,47.8,75.0,5,At-Risk
INV000853,49.333333333333336,193.0,9,At-Risk
INV000854,61.25,170.0,8,At-Risk
INV000858,44.875,157.0,8,At-Risk
INV000862,91.2,372.0,5,At-Risk
INV000864,40.8,106.0,5,At-Risk
INV000865,45.75,99.0,8,At-Risk
INV000869,65.4,100.0,5,At-Risk
INV000873,73.5,299.0,6,At-Risk
INV000874,62.125,149.0,8,At-Risk
INV000877,59.4,159.0,5,At-Risk
INV000881,46.111111111111114,155.0,9,At-Risk
INV000887,65.66666666666667,268.0,6,At-Risk
INV000888,80.33333333333333,166.0,6,At-Risk
INV000893,59.5,147.0,6,At-Risk
INV000894,55.0,105.0,5,At-Risk
INV000901,54.0,95.0,5,At-Risk
INV000907,59.2,139.0,5,At-Risk
INV000920,75.6,220.0,5,At-Risk
INV000926,80.0,111.0,5,At-Risk
INV000929,58.166666666666664,116.0,6,At-Risk
INV000930,32.42857142857143,118.0,7,Regular
INV000935,30.875,73.0,8,Regular
INV000939,60.57142857142857,154.0,7,At-Risk
INV000942,53.0,92.0,6,At-Risk
INV000949,67.5,135.0,6,At-Risk
INV000950,91.0,215.0,5,At-Risk
INV000971,46.833333333333336,139.0,6,At-Risk
INV000974,73.5,143.0,6,At-Risk
INV000977,48.77777777777778,147.0,9,At-Risk
INV000979,79.8,115.0,5,At-Risk
INV000980,44.42857142857143,121.0,7,At-Risk
INV000981,50.4,104.0,5,At-Risk
INV000986,60.833333333333336,182.0,6,At-Risk
INV000994,63.8,167.0,5,At-Risk
INV001001,60.285714285714285,137.0,7,At-Risk
INV001002,41.666666666666664,85.0,6,At-Risk
INV001005,93.6,206.0,5,At-Risk
INV001008,64.66666666666667,191.0,6,At-Risk
INV001013,96.8,164.0,5,At-Risk
INV001017,67.0,142.0,5,At-Risk
INV001019,44.875,180.0,8,At-Risk
INV001021,68.66666666666667,186.0,6,At-Risk
INV001023,72.42857142857143,202.0,7,At-Risk
INV001025,38.8,76.0,5,At-Risk
INV001026,69.4,132.0,5,At-Risk
INV001037,42.0,86.0,9,At-Risk
INV001039,66.2,187.0,5,At-Risk
INV001041,83.0,195.0,6,At-Risk
INV001047,66.16666666666667,142.0,6,At-Risk
INV001048,47.0,84.0,7,At-Risk
INV001051,54.142857142857146,139.0,7,At-Risk
INV001053,55.857142857142854,116.0,7,At-Risk
INV001055,93.2,177.0,5,At-Risk
INV001060,53.375,89.0,8,At-Risk
INV001061,51.125,141.0,8,At-Risk
INV001063,43.285714285714285,120.0,7,At-Risk
INV001064,59.5,160.0,8,At-Risk
INV001069,41.285714285714285,98.0,7,At-Risk
INV001070,97.0,329.0,5,At-Risk
INV001092,77.33333333333333,186.0,6,At-Risk
INV001099,26.142857142857142,63.0,7,Regular
INV001102,55.333333333333336,87.0,6,At-Risk
INV001115,81.4,290.0,5,At-Risk
INV001116,58.125,194.0,8,At-Risk
INV001117,61.714285714285715,137.0,7,At-Risk
INV001130,76.83333333333333,131.0,6,At-Risk
INV001137,57.0,120.0,6,At-Risk
INV001140,60.4,125.0,5,At-Risk
INV001141,97.6,132.0,5,At-Risk
INV001142,42.833333333333336,106.0,6,At-Risk
INV001156,102.4,175.0,5,At-Risk
INV001160,57.57142857142857,99.0,7,At-Risk
INV001161,80.6,159.0,5,At-Risk
INV001163,67.33333333333333,255.0,6,At-Risk
INV001167,96.2,207.0,5,At-Risk
INV001170,68.2,119.0,5,At-Risk
INV001173,67.0,146.0,5,At-Risk
INV001178,79.66666666666667,140.0,6,At-Risk
INV001180,74.4,198.0,5,At-Risk
INV001181,67.42857142857143,163.0,7,At-Risk
INV001190,97.0,198.0,5,At-Risk
INV001195,53.42857142857143,167.0,7,At-Risk
INV001196,92.2,169.0,5,At-Risk
INV001202,58.0,103.0,7,At-Risk
INV001206,83.6,190.0,5,At-Risk
INV001208,51.833333333333336,107.0,6,At-Risk
INV001210,36.875,93.0,8,At-Risk
INV001217,60.142857142857146,205.0,7,At-Risk
INV001219,50.857142857142854,118.0,7,At-Risk
INV001220,77.16666666666667,104.0,6,At-Risk
INV001223,70.83333333333333,175.0,6,At-Risk
INV001234,60.57142857142857,119.0,7,At-Risk
INV001235,59.0,161.0,8,At-Risk
INV001237,98.0,182.0,5,At-Risk
INV001238,68.5,220.0,6,At-Risk
INV001242,69.8,128.0,5,At-Risk
INV001251,82.0,223.0,5,At-Risk
INV001262,44.833333333333336,116.0,6,At-Risk
INV001274,73.33333333333333,161.0,6,At-Risk
INV001275,66.66666666666667,140.0,6,At-Risk
INV001282,67.0,196.0,5,At-Risk
INV001287,92.2,157.0,5,At-Risk
INV001288,45.666666666666664,148.0,6,At-Risk
INV001291,76.2,181.0,5,At-Risk
INV001295,50.75,165.0,8,At-Risk
INV001298,71.83333333333333,158.0,6,At-Risk
INV001299,51.25,121.0,8,At-Risk
INV001304,97.6,177.0,5,At-Risk
INV001308,54.625,147.0,8,At-Risk
INV001310,81.2,232.0,5,At-Risk
INV001314,50.44444444444444,130.0,9,At-Risk
INV001315,51.833333333333336,124.0,6,At-Risk
INV001316,92.4,198.0,5,At-Risk
INV001317,84.8,162.0,5,At-Risk
INV001318,46.22222222222222,150.0,9,At-Risk
INV001326,69.42857142857143,182.0,7,At-Risk
INV001329,68.2,97.0,5,At-Risk
INV001331,94.2,202.0,5,At-Risk
INV001332,80.0,179.0,6,At-Risk
INV001333,78.66666666666667,185.0,6,At-Risk
INV001336,65.85714285714286,198.0,7,At-Risk
INV001348,47.833333333333336,121.0,6,At-Risk
INV001351,70.5,208.0,6,At-Risk
INV001355,60.2,187.0,5,At-Risk
INV001356,79.2,191.0,5,At-Risk
INV001359,72.5,313.0,6,At-Risk
INV001361,50.5,103.0,6,At-Risk
INV001367,99.0,222.0,5,At-Risk
INV001375,78.5,176.0,6,At-Risk
INV001376,78.66666666666667,181.0,6,At-Risk
INV001383,56.142857142857146,117.0,7,At-Risk
INV001387,57.25,130.0,8,At-Risk
INV001394,63.57142857142857,171.0,7,At-Risk
INV001400,76.8,266.0,5,At-Risk
INV001401,68.6,197.0,5,At-Risk
INV001406,47.666666666666664,202.0,9,At-Risk
INV001407,45.2,141.0,5,At-Risk
INV001415,68.14285714285714,173.0,7,At-Risk
INV001418,88.6,187.0,5,At-Risk
INV001419,85.8,137.0,5,At-Risk
INV001423,48.57142857142857,105.0,7,At-Risk
INV001428,79.4,174.0,5,At-Risk
INV001432,71.4,175.0,5,At-Risk
INV001434,80.6,178.0,5,At-Risk
INV001442,57.125,238.0,8,At-Risk
INV001454,73.0,176.0,6,At-Risk
INV001455,64.71428571428571,153.0,7,At-Risk
INV001457,43.8,63.0,5,At-Risk
INV001458,59.833333333333336,101.0,6,At-Risk
INV001466,44.6,82.0,5,At-Risk
INV001472,79.0,141.0,5,At-Risk
INV001482,80.6,280.0,5,At-Risk
INV001485,55.0,150.0,8,At-Risk
INV001491,98.8,260.0,5,At-Risk
INV001497,63.0,138.0,8,At-Risk
INV001504,54.25,134.0,8,At-Risk
INV001507,86.2,167.0,5,At-Risk
INV001510,66.83333333333333,124.0,6,At-Risk
INV001514,51.833333333333336,72.0,6,At-Risk
INV001516,56.8,85.0,5,At-Risk
INV001526,50.4,134.0,5,At-Risk
INV001530,64.66666666666667,122.0,6,At-Risk
INV001532,56.833333333333336,101.0,6,At-Risk
INV001536,69.0,189.0,6,At-Risk
INV001545,92.8,208.0,5,At-Risk
INV001547,72.16666666666667,119.0,6,At-Risk
INV001548,80.6,197.0,5,At-Risk
INV001550,79.0,191.0,6,At-Risk
INV001551,61.8,131.0,5,At-Risk
INV001562,44.22222222222222,146.0,9,At-Risk
INV001564,55.714285714285715,157.0,7,At-Risk
INV001569,83.4,314.0,5,At-Risk
INV001579,75.0,193.0,6,At-Risk
INV001580,45.666666666666664,119.0,6,At-Risk
INV001585,56.6,182.0,5,At-Risk
INV001587,65.0,144.0,6,At-Risk
INV001597,56.0,165.0,6,At-Risk
INV001599,58.2,133.0,5,At-Risk
INV001602,93.8,294.0,5,At-Risk
INV001603,54.5,93.0,6,At-Risk
INV001605,60.57142857142857,136.0,7,At-Risk
INV001606,67.66666666666667,148.0,6,At-Risk
INV001616,53.0,117.0,8,At-Risk
INV001623,92.0,188.0,5,At-Risk
INV001625,72.0,209.0,5,At-Risk
INV001628,51.714285714285715,139.0,7,At-Risk
INV001629,67.5,82.0,6,At-Risk
INV001631,57.0,101.0,5,At-Risk
INV001636,48.875,159.0,8,At-Risk
INV001641,88.4,168.0,5,At-Risk
INV001644,65.6,89.0,5,At-Risk
INV001645,67.6,202.0,5,At-Risk
INV001649,51.666666666666664,120.0,9,At-Risk
INV001651,78.66666666666667,130.0,6,At-Risk
INV001653,55.2,94.0,5,At-Risk
INV001654,56.0,137.0,6,At-Risk
INV001656,59.857142857142854,246.0,7,At-Risk
INV001662,60.2,147.0,5,At-Risk
INV001672,34.0,130.0,8,Regular
INV001673,49.3,181.0,10,At-Risk
INV001680,58.875,200.0,8,At-Risk
INV001683,72.5,186.0,6,At-Risk
INV001689,83.6,153.0,5,At-Risk
INV001690,81.16666666666667,114.0,6,At-Risk
INV001691,82.0,254.0,5,At-Risk
INV001694,66.14285714285714,144.0,7,At-Risk
INV001697,62.5,287.0,8,At-Risk
INV001699,83.2,183.0,5,At-Risk
INV001709,51.8,84.0,5,At-Risk
INV001711,65.83333333333333,189.0,6,At-Risk
INV001712,66.6,144.0,5,At-Risk
INV001715,68.28571428571429,188.0,7,At-Risk
INV001718,84.0,237.0,5,At-Risk
INV001724,69.66666666666667,134.0,6,At-Risk
INV001728,50.57142857142857,131.0,7,At-Risk
INV001737,56.833333333333336,191.0,6,At-Risk
INV001738,47.5,153.0,8,At-Risk
INV001739,52.5,96.0,8,At-Risk
INV001741,89.4,260.0,5,At-Risk
INV001744,78.5,155.0,6,At-Risk
INV001752,69.33333333333333,170.0,6,At-Risk
INV001753,42.8,128.0,10,At-Risk
INV001757,55.57142857142857,121.0,7,At-Risk
INV001759,49.55555555555556,126.0,9,At-Risk
INV001769,98.0,166.0,5,At-Risk
INV001772,95.0,184.0,5,At-Risk
INV001775,29.142857142857142,65.0,7,Regular
INV001777,57.625,156.0,8,At-Risk
INV001778,63.57142857142857,283.0,7,At-Risk
INV001797,79.66666666666667,132.0,6,At-Risk
INV001800,49.666666666666664,132.0,6,At-Risk
INV001802,61.666666666666664,151.0,6,At-Risk
INV001803,59.0,127.0,5,At-Risk
INV001804,55.857142857142854,126.0,7,At-Risk
INV001806,60.0,209.0,7,At-Risk
INV001809,95.6,249.0,5,At-Risk
INV001811,54.25,196.0,8,At-Risk
INV001822,19.8,43.0,5,Regular
INV001823,58.142857142857146,172.0,7,At-Risk
INV001826,51.2,128.0,5,At-Risk
INV001828,44.42857142857143,91.0,7,At-Risk
INV001831,72.8,181.0,5,At-Risk
INV001837,62.833333333333336,157.0,6,At-Risk
INV001841,56.2,129.0,5,At-Risk
INV001853,47.42857142857143,95.0,7,At-Risk
INV001858,55.142857142857146,261.0,7,At-Risk
INV001865,63.5,145.0,6,At-Risk
INV001866,58.8,117.0,5,At-Risk
INV001870,76.0,164.0,6,At-Risk
INV001871,55.0,101.0,6,At-Risk
INV001883,99.2,203.0,5,At-Risk
INV001885,71.2,128.0,5,At-Risk
INV001886,50.75,129.0,8,At-Risk
INV001890,102.6,207.0,5,At-Risk
INV001891,96.4,261.0,5,At-Risk
INV001909,62.142857142857146,121.0,7,At-Risk
INV001912,86.4,256.0,5,At-Risk
INV001920,39.0,76.0,6,At-Risk
INV001921,68.57142857142857,225.0,7,At-Risk
INV001923,80.66666666666667,106.0,6,At-Risk
INV001924,59.166666666666664,119.0,6,At-Risk
INV001927,58.8,91.0,5,At-Risk
INV001929,66.2,242.0,5,At-Risk
INV001937,60.42857142857143,253.0,7,At-Risk
INV001938,43.0,112.0,8,At-Risk
INV001943,74.4,171.0,5,At-Risk
INV001950,60.166666666666664,134.0,6,At-Risk
INV001951,58.833333333333336,124.0,6,At-Risk
INV001954,86.8,273.0,5,At-Risk
INV001955,76.0,199.0,5,At-Risk
INV001961,83.4,234.0,5,At-Risk
INV001969,79.2,163.0,5,At-Risk
INV001971,54.714285714285715,87.0,7,At-Risk
INV001972,42.42857142857143,153.0,7,At-Risk
INV001978,83.2,112.0,5,At-Risk
INV001979,55.4,100.0,5,At-Risk
INV001982,85.8,289.0,5,At-Risk
INV001986,47.666666666666664,98.0,6,At-Risk
INV001987,67.0,241.0,6,At-Risk
INV001990,45.285714285714285,91.0,7,At-Risk
INV001993,56.6,147.0,5,At-Risk
INV001995,48.6,94.0,5,At-Risk
INV001997,88.6,168.0,5,At-Risk
INV002001,84.8,335.0,5,At-Risk
INV002006,73.6,157.0,5,At-Risk
INV002010,74.6,103.0,5,At-Risk
INV002017,44.666666666666664,99.0,6,At-Risk
INV002018,63.6,106.0,5,At-Risk
INV002019,68.8,117.0,5,At-Risk
INV002025,55.833333333333336,92.0,6,At-Risk
INV002033,55.0,123.0,6,At-Risk
INV002034,69.0,166.0,7,At-Risk
INV002037,33.2,61.0,5,Regular
INV002038,84.0,202.0,5,At-Risk
INV002051,78.6,159.0,5,At-Risk
INV002052,44.166666666666664,114.0,6,At-Risk
INV002069,47.55555555555556,95.0,9,At-Risk
INV002070,81.33333333333333,118.0,6,At-Risk
INV002083,51.666666666666664,193.0,9,At-Risk
INV002085,65.0,220.0,5,At-Risk
INV002090,90.2,231.0,5,At-Risk
INV002092,33.5,54.0,6,Regular
INV002101,80.2,248.0,5,At-Risk
INV002102,44.8,63.0,5,At-Risk
INV002107,71.14285714285714,298.0,7,At-Risk
INV002111,62.42857142857143,123.0,7,At-Risk
INV002119,78.0,195.0,5,At-Risk
INV002121,68.5,197.0,6,At-Risk
INV002122,40.333333333333336,97.0,6,At-Risk
INV002127,60.2,113.0,5,At-Risk
INV002134,82.66666666666667,180.0,6,At-Risk
INV002138,91.8,189.0,5,At-Risk
INV002142,45.5,162.0,8,At-Risk
INV002143,63.57142857142857,148.0,7,At-Risk
INV002149,42.285714285714285,215.0,7,At-Risk
INV002150,73.6,216.0,5,At-Risk
INV002151,60.375,201.0,8,At-Risk
INV002153,67.83333333333333,194.0,6,At-Risk
INV002154,89.4,175.0,5,At-Risk
INV002155,78.0,190.0,5,At-Risk
INV002157,58.5,142.0,6,At-Risk
INV002159,65.0,104.0,5,At-Risk
INV002162,58.375,198.0,8,At-Risk
INV002166,99.2,248.0,5,At-Risk
INV002171,55.833333333333336,150.0,6,At-Risk
INV002177,73.0,330.0,6,At-Risk
INV002178,66.42857142857143,236.0,7,At-Risk
INV002179,54.142857142857146,171.0,7,At-Risk
INV002182,70.5,148.0,6,At-Risk
INV002185,48.4,92.0,5,At-Risk
INV002186,74.83333333333333,167.0,6,At-Risk
INV002187,67.83333333333333,221.0,6,At-Risk
INV002195,49.25,154.0,8,At-Risk
INV002196,62.142857142857146,115.0,7,At-Risk
INV002198,43.0,93.0,8,At-Risk
INV002199,50.833333333333336,94.0,6,At-Risk
INV002202,70.42857142857143,276.0,7,At-Risk
INV002206,49.0,141.0,6,At-Risk
INV002208,71.33333333333333,142.0,6,At-Risk
INV002211,63.833333333333336,109.0,6,At-Risk
INV002216,61.714285714285715,172.0,7,At-Risk
INV002218,67.8,181.0,5,At-Risk
INV002219,70.85714285714286,166.0,7,At-Risk
INV002228,68.6,109.0,5,At-Risk
INV002229,64.6,101.0,5,At-Risk
INV002230,57.57142857142857,171.0,7,At-Risk
INV002232,69.16666666666667,174.0,6,At-Risk
INV002236,73.66666666666667,119.0,6,At-Risk
INV002237,51.666666666666664,142.0,6,At-Risk
INV002240,77.83333333333333,266.0,6,At-Risk
INV002241,65.66666666666667,124.0,6,At-Risk
INV002251,62.6,157.0,5,At-Risk
INV002256,75.6,115.0,5,At-Risk
INV002259,45.333333333333336,89.0,6,At-Risk
INV002260,77.8,235.0,5,At-Risk
INV002265,63.166666666666664,244.0,6,At-Risk
INV002277,67.33333333333333,127.0,6,At-Risk
INV002280,71.66666666666667,182.0,6,At-Risk
INV002282,53.2,102.0,5,At-Risk
INV002284,85.0,277.0,5,At-Risk
INV002290,61.6,112.0,5,At-Risk
INV002294,48.714285714285715,163.0,7,At-Risk
INV002295,64.5,159.0,6,At-Risk
INV002298,23.2,37.0,5,Regular
INV002304,42.55555555555556,104.0,9,At-Risk
INV002315,71.83333333333333,174.0,6,At-Risk
INV002319,60.0,123.0,6,At-Risk
INV002322,63.4,102.0,5,At-Risk
INV002327,76.4,215.0,5,At-Risk
INV002329,57.0,183.0,6,At-Risk
INV002342,74.2,212.0,5,At-Risk
INV002343,57.75,115.0,8,At-Risk
INV002347,40.5,79.0,8,At-Risk
INV002348,94.4,166.0,5,At-Risk
INV002349,52.2,75.0,5,At-Risk
INV002351,77.2,204.0,5,At-Risk
INV002357,68.33333333333333,240.0,6,At-Risk
INV002360,56.125,129.0,8,At-Risk
INV002361,55.4,198.0,5,At-Risk
INV002367,52.5,134.0,6,At-Risk
INV002368,61.166666666666664,215.0,6,At-Risk
INV002369,60.0,136.0,5,At-Risk
INV002370,70.16666666666667,237.0,6,At-Risk
INV002372,95.2,133.0,5,At-Risk
INV002373,70.14285714285714,154.0,7,At-Risk
INV002374,21.2,34.0,5,Regular
INV002384,39.111111111111114,92.0,9,At-Risk
INV002388,33.2,84.0,5,Regular
INV002389,50.77777777777778,126.0,9,At-Risk
INV002390,47.0,100.0,5,At-Risk
INV002391,40.2,124.0,5,At-Risk
INV002395,97.0,225.0,5,At-Risk
INV002400,55.375,141.0,8,At-Risk
INV002401,59.142857142857146,125.0,7,At-Risk
INV002402,47.166666666666664,89.0,6,At-Risk
INV002407,47.833333333333336,167.0,6,At-Risk
INV002409,55.57142857142857,125.0,7,At-Risk
INV002413,53.0,189.0,7,At-Risk
INV002415,57.42857142857143,110.0,7,At-Risk
INV002417,83.33333333333333,190.0,6,At-Risk
INV002418,91.6,128.0,5,At-Risk
INV002420,72.8,107.0,5,At-Risk
INV002422,50.333333333333336,139.0,9,At-Risk
INV002429,78.6,216.0,5,At-Risk
INV002434,88.2,217.0,5,At-Risk
INV002437,49.166666666666664,212.0,6,At-Risk
INV002445,38.142857142857146,117.0,7,At-Risk
INV002453,63.0,87.0,6,At-Risk
INV002458,72.4,232.0,5,At-Risk
INV002459,53.714285714285715,161.0,7,At-Risk
INV002463,95.4,236.0,5,At-Risk
INV002464,35.4,97.0,5,At-Risk
INV002466,80.66666666666667,270.0,6,At-Risk
INV002467,38.857142857142854,116.0,7,At-Risk
INV002471,56.4,98.0,5,At-Risk
INV002475,49.666666666666664,119.0,9,At-Risk
INV002476,86.0,235.0,5,At-Risk
INV002485,70.4,136.0,5,At-Risk
INV002490,70.0,125.0,7,At-Risk
INV002495,82.2,174.0,5,At-Risk
INV002496,53.0,156.0,5,At-Risk
INV002497,67.28571428571429,152.0,7,At-Risk
INV002508,51.625,171.0,8,At-Risk
INV002509,33.666666666666664,74.0,9,Regular
INV002510,64.33333333333333,176.0,6,At-Risk
INV002521,74.6,206.0,5,At-Risk
INV002527,49.666666666666664,93.0,6,At-Risk
INV002530,71.42857142857143,175.0,7,At-Risk
INV002531,76.33333333333333,182.0,6,At-Risk
INV002543,74.66666666666667,116.0,6,At-Risk
INV002547,89.0,181.0,5,At-Risk
INV002552,48.22222222222222,184.0,9,At-Risk
INV002554,49.666666666666664,100.0,6,At-Risk
INV002555,72.0,172.0,6,At-Risk
INV002557,67.16666666666667,264.0,6,At-Risk
INV002558,97.6,297.0,5,At-Risk
INV002560,95.2,155.0,5,At-Risk
INV002563,65.8,114.0,5,At-Risk
INV002567,82.0,127.0,5,At-Risk
INV002568,61.57142857142857,144.0,7,At-Risk
INV002570,62.0,150.0,6,At-Risk
INV002572,55.714285714285715,108.0,7,At-Risk
INV002574,79.4,139.0,5,At-Risk
INV002575,56.125,128.0,8,At-Risk
INV002579,40.8,71.0,5,At-Risk
INV002582,77.4,173.0,5,At-Risk
INV002585,65.0,124.0,5,At-Risk
INV002586,87.2,168.0,5,At-Risk
INV002590,50.22222222222222,125.0,9,At-Risk
INV002591,52.2,139.0,5,At-Risk
INV002594,94.0,244.0,5,At-Risk
INV002598,51.375,179.0,8,At-Risk
INV002602,66.0,151.0,7,At-Risk
INV002606,89.6,248.0,5,At-Risk
INV002613,65.0,143.0,7,At-Risk
INV002622,76.66666666666667,244.0,6,At-Risk
INV002627,85.0,182.0,5,At-Risk
INV002628,77.0,322.0,5,At-Risk
INV002632,65.57142857142857,180.0,7,At-Risk
INV002640,70.0,153.0,6,At-Risk
INV002643,74.2,229.0,5,At-Risk
INV002645,45.166666666666664,133.0,6,At-Risk
INV002654,61.857142857142854,115.0,7,At-Risk
INV002659,62.333333333333336,224.0,6,At-Risk
INV002666,53.166666666666664,100.0,6,At-Risk
INV002671,77.16666666666667,163.0,6,At-Risk
INV002673,65.0,147.0,7,At-Risk
INV002674,75.8,153.0,5,At-Risk
INV002675,63.857142857142854,138.0,7,At-Risk
INV002681,83.66666666666667,161.0,6,At-Risk
INV002684,80.6,266.0,5,At-Risk
INV002688,37.0,122.0,8,At-Risk
INV002689,50.0,115.0,7,At-Risk
INV002693,45.833333333333336,72.0,6,At-Risk
INV002697,55.333333333333336,199.0,6,At-Risk
INV002700,79.83333333333333,140.0,6,At-Risk
INV002704,59.142857142857146,139.0,7,At-Risk
INV002705,22.571428571428573,70.0,7,Regular
INV002706,73.6,133.0,5,At-Risk
INV002711,65.57142857142857,230.0,7,At-Risk
INV002712,46.8,174.0,10,At-Risk
INV002722,61.4,178.0,5,At-Risk
INV002723,37.75,102.0,8,At-Risk
INV002724,76.6,187.0,5,At-Risk
INV002726,45.57142857142857,84.0,7,At-Risk
INV002732,70.71428571428571,151.0,7,At-Risk
INV002733,51.57142857142857,150.0,7,At-Risk
INV002735,68.16666666666667,136.0,6,At-Risk
INV002736,70.6,323.0,5,At-Risk
INV002737,58.42857142857143,104.0,7,At-Risk
INV002743,88.2,190.0,5,At-Risk
INV002744,52.888888888888886,139.0,9,At-Risk
INV002746,68.0,206.0,7,At-Risk
INV002750,72.4,254.0,5,At-Risk
INV002751,41.5,102.0,6,At-Risk
INV002758,81.0,263.0,5,At-Risk
INV002761,80.6,312.0,5,At-Risk
INV002766,70.6,151.0,5,At-Risk
INV002767,55.333333333333336,145.0,6,At-Risk
INV002769,82.0,141.0,6,At-Risk
INV002772,74.5,168.0,6,At-Risk
INV002779,64.2,151.0,5,At-Risk
INV002783,64.0,126.0,6,At-Risk
INV002786,76.33333333333333,124.0,6,At-Risk
INV002793,59.333333333333336,125.0,6,At-Risk
INV002794,56.166666666666664,111.0,6,At-Risk
INV002799,70.8,129.0,5,At-Risk
INV002800,63.5,108.0,6,At-Risk
INV002803,64.83333333333333,176.0,6,At-Risk
INV002804,59.857142857142854,209.0,7,At-Risk
INV002808,59.666666666666664,120.0,6,At-Risk
INV002809,81.4,276.0,5,At-Risk
INV002810,32.285714285714285,139.0,7,Regular
INV002813,49.0,149.0,6,At-Risk
INV002822,53.0,108.0,6,At-Risk
INV002824,71.83333333333333,223.0,6,At-Risk
INV002826,61.6,91.0,5,At-Risk
INV002827,73.6,200.0,5,At-Risk
INV002828,80.0,211.0,5,At-Risk
INV002831,40.2,72.0,5,At-Risk
INV002835,82.33333333333333,233.0,6,At-Risk
INV002838,56.714285714285715,116.0,7,At-Risk
INV002841,43.4,102.0,5,At-Risk
INV002843,43.142857142857146,128.0,7,At-Risk
INV002847,52.666666666666664,129.0,9,At-Risk
INV002850,53.166666666666664,166.0,6,At-Risk
INV002852,75.8,207.0,5,At-Risk
INV002859,76.5,198.0,6,At-Risk
INV002863,74.4,199.0,5,At-Risk
INV002865,37.2,50.0,5,At-Risk
INV002870,48.2,109.0,5,At-Risk
INV002872,85.6,199.0,5,At-Risk
INV002873,98.2,235.0,5,At-Risk
INV002879,72.16666666666667,125.0,6,At-Risk
INV002881,43.6,110.0,5,At-Risk
INV002883,96.0,176.0,5,At-Risk
INV002886,44.333333333333336,137.0,6,At-Risk
INV002891,72.71428571428571,166.0,7,At-Risk
INV002893,50.0,148.0,8,At-Risk
INV002900,64.2,136.0,5,At-Risk
INV002903,89.6,176.0,5,At-Risk
INV002904,49.333333333333336,104.0,6,At-Risk
INV002905,73.0,221.0,5,At-Risk
INV002906,41.2,74.0,5,At-Risk
INV002909,82.33333333333333,263.0,6,At-Risk
INV002912,97.0,342.0,5,At-Risk
INV002913,73.66666666666667,168.0,6,At-Risk
INV002915,49.285714285714285,117.0,7,At-Risk
INV002921,53.333333333333336,121.0,6,At-Risk
INV002927,40.285714285714285,79.0,7,At-Risk
INV002935,48.0,72.0,6,At-Risk
INV002937,67.16666666666667,184.0,6,At-Risk
INV002939,60.5,127.0,6,At-Risk
INV002942,55.5,180.0,8,At-Risk
INV002945,65.0,139.0,7,At-Risk
INV002947,64.16666666666667,152.0,6,At-Risk
INV002950,45.857142857142854,119.0,7,At-Risk
INV002951,51.833333333333336,82.0,6,At-Risk
INV002961,84.66666666666667,231.0,6,At-Risk
INV002974,51.333333333333336,105.0,6,At-Risk
INV002984,91.0,200.0,5,At-Risk
INV002989,86.6,182.0,5,At-Risk
INV002994,58.166666666666664,142.0,6,At-Risk
INV003000,67.0,137.0,6,At-Risk
INV003003,58.25,100.0,8,At-Risk
INV003005,53.142857142857146,107.0,7,At-Risk
INV003007,48.25,162.0,8,At-Risk
INV003009,38.125,84.0,8,At-Risk
INV003011,64.16666666666667,154.0,6,At-Risk
INV003014,82.4,144.0,5,At-Risk
INV003015,54.666666666666664,91.0,6,At-Risk
INV003018,49.2,156.0,5,At-Risk
INV003022,69.6,123.0,5,At-Risk
INV003024,44.2,122.0,5,At-Risk
INV003025,35.285714285714285,65.0,7,At-Risk
INV003028,91.4,183.0,5,At-Risk
INV003034,73.4,118.0,5,At-Risk
INV003036,57.714285714285715,138.0,7,At-Risk
INV003037,79.5,300.0,6,At-Risk
INV003040,74.0,194.0,5,At-Risk
INV003043,73.83333333333333,131.0,6,At-Risk
INV003044,71.16666666666667,237.0,6,At-Risk
INV003045,36.2,71.0,5,At-Risk
INV003047,70.14285714285714,215.0,7,At-Risk
INV003054,78.66666666666667,209.0,6,At-Risk
INV003060,79.0,135.0,6,At-Risk
INV003063,57.833333333333336,112.0,6,At-Risk
INV003070,54.5,132.0,8,At-Risk
INV003074,74.8,123.0,5,At-Risk
INV003075,57.42857142857143,128.0,7,At-Risk
INV003078,69.16666666666667,126.0,6,At-Risk
INV003082,46.42857142857143,142.0,7,At-Risk
INV003083,66.4,169.0,5,At-Risk
INV003089,65.0,107.0,5,At-Risk
INV003091,50.875,199.0,8,At-Risk
INV003095,86.6,175.0,5,At-Risk
INV003097,62.714285714285715,121.0,7,At-Risk
INV003105,65.5,140.0,6,At-Risk
INV003112,91.6,173.0,5,At-Risk
INV003113,66.85714285714286,159.0,7,At-Risk
INV003115,48.0,125.0,5,At-Risk
INV003117,66.57142857142857,115.0,7,At-Risk
INV003134,76.83333333333333,172.0,6,At-Risk
INV003139,55.166666666666664,133.0,6,At-Risk
INV003140,57.0,125.0,7,At-Risk
INV003141,67.5,225.0,6,At-Risk
INV003144,82.5,243.0,6,At-Risk
INV003146,59.5,283.0,8,At-Risk
INV003151,81.0,146.0,5,At-Risk
INV003153,40.666666666666664,156.0,6,At-Risk
INV003158,55.625,138.0,8,At-Risk
INV003161,77.4,118.0,5,At-Risk
INV003169,62.6,178.0,5,At-Risk
INV003178,56.4,84.0,5,At-Risk
INV003179,56.25,151.0,8,At-Risk
INV003185,65.2,116.0,5,At-Risk
INV003187,58.25,244.0,8,At-Risk
INV003189,55.125,198.0,8,At-Risk
INV003191,76.8,138.0,5,At-Risk
INV003193,96.6,294.0,5,At-Risk
INV003196,80.33333333333333,319.0,6,At-Risk
INV003205,67.66666666666667,111.0,6,At-Risk
INV003210,72.2,112.0,5,At-Risk
INV003211,69.0,104.0,6,At-Risk
INV003214,59.8,170.0,5,At-Risk
INV003215,60.833333333333336,105.0,6,At-Risk
INV003219,57.2,86.0,5,At-Risk
INV003221,61.166666666666664,99.0,6,At-Risk
INV003222,81.5,190.0,6,At-Risk
INV003223,67.71428571428571,331.0,7,At-Risk
INV003228,70.16666666666667,256.0,6,At-Risk
INV003230,67.5,251.0,6,At-Risk
INV003231,83.0,253.0,6,At-Risk
INV003234,96.6,188.0,5,At-Risk
INV003236,51.125,115.0,8,At-Risk
INV003242,61.0,159.0,6,At-Risk
INV003247,84.6,206.0,5,At-Risk
INV003252,67.6,192.0,5,At-Risk
INV003256,51.0,90.0,6,At-Risk
INV003257,61.8,139.0,5,At-Risk
INV003260,89.4,247.0,5,At-Risk
INV003262,85.2,162.0,5,At-Risk
INV003267,74.4,197.0,5,At-Risk
INV003271,61.166666666666664,157.0,6,At-Risk
INV003273,60.142857142857146,134.0,7,At-Risk
INV003277,53.714285714285715,192.0,7,At-Risk
INV003279,63.375,147.0,8,At-Risk
INV003289,64.83333333333333,183.0,6,At-Risk
INV003300,64.8,219.0,5,At-Risk
INV003301,59.375,113.0,8,At-Risk
INV003304,44.22222222222222,180.0,9,At-Risk
INV003308,56.75,141.0,8,At-Risk
INV003310,80.8,154.0,5,At-Risk
INV003311,48.0,149.0,8,At-Risk
INV003314,73.5,210.0,6,At-Risk
INV003317,44.142857142857146,71.0,7,At-Risk
INV003320,45.285714285714285,192.0,7,At-Risk
INV003325,101.0,155.0,5,At-Risk
INV003329,89.0,230.0,5,At-Risk
INV003336,72.33333333333333,133.0,6,At-Risk
INV003338,37.5,155.0,8,At-Risk
INV003344,86.6,190.0,5,At-Risk
INV003350,92.4,191.0,5,At-Risk
INV003351,54.0,86.0,5,At-Risk
INV003352,68.14285714285714,279.0,7,At-Risk
INV003357,62.4,100.0,5,At-Risk
INV003360,59.42857142857143,163.0,7,At-Risk
INV003370,63.333333333333336,206.0,6,At-Risk
INV003372,59.4,118.0,5,At-Risk
INV003374,56.5,128.0,6,At-Risk
INV003375,52.714285714285715,158.0,7,At-Risk
INV003376,85.8,199.0,5,At-Risk
INV003379,75.16666666666667,268.0,6,At-Risk
INV003380,72.4,155.0,5,At-Risk
INV003382,34.2,85.0,5,Regular
INV003391,56.6,193.0,5,At-Risk
INV003393,63.714285714285715,178.0,7,At-Risk
INV003395,79.0,192.0,5,At-Risk
INV003398,55.42857142857143,140.0,7,At-Risk
INV003403,56.6,116.0,5,At-Risk
INV003404,50.285714285714285,198.0,7,At-Risk
INV003405,41.0,186.0,7,At-Risk
INV003406,59.0,251.0,7,At-Risk
INV003407,57.42857142857143,146.0,7,At-Risk
INV003422,84.66666666666667,167.0,6,At-Risk
INV003424,73.16666666666667,124.0,6,At-Risk
INV003427,84.2,266.0,5,At-Risk
INV003430,73.4,104.0,5,At-Risk
INV003431,51.4,152.0,5,At-Risk
INV003432,61.333333333333336,97.0,6,At-Risk
INV003435,73.83333333333333,140.0,6,At-Risk
INV003437,91.2,226.0,5,At-Risk
INV003448,74.5,200.0,6,At-Risk
INV003450,47.666666666666664,158.0,9,At-Risk
INV003455,35.5,76.0,6,At-Risk
INV003457,60.5,117.0,6,At-Risk
INV003458,67.85714285714286,206.0,7,At-Risk
INV003459,59.4,113.0,5,At-Risk
INV003473,95.8,213.0,5,At-Risk
INV003475,56.0,155.0,8,At-Risk
INV003478,56.625,195.0,8,At-Risk
INV003479,65.71428571428571,164.0,7,At-Risk
INV003480,82.4,211.0,5,At-Risk
INV003484,73.8,333.0,5,At-Risk
INV003487,70.6,155.0,5,At-Risk
INV003491,59.125,119.0,8,At-Risk
INV003492,90.8,162.0,5,At-Risk
INV003495,49.22222222222222,121.0,9,At-Risk
INV003506,67.0,132.0,6,At-Risk
INV003509,60.875,149.0,8,At-Risk
INV003511,65.57142857142857,183.0,7,At-Risk
INV003514,74.2,172.0,5,At-Risk
INV003518,67.8,157.0,5,At-Risk
INV003521,89.0,183.0,5,At-Risk
INV003524,64.16666666666667,203.0,6,At-Risk
INV003526,88.2,224.0,5,At-Risk
INV003528,58.625,186.0,8,At-Risk
INV003530,51.0,101.0,5,At-Risk
INV003531,76.4,185.0,5,At-Risk
INV003534,52.714285714285715,160.0,7,At-Risk
INV003545,90.0,210.0,5,At-Risk
INV003556,77.6,129.0,5,At-Risk
INV003557,66.4,156.0,5,At-Risk
INV003558,39.166666666666664,66.0,6,At-Risk
INV003559,48.333333333333336,118.0,9,At-Risk
INV003562,80.5,165.0,6,At-Risk
INV003564,71.0,292.0,7,At-Risk
INV003580,72.16666666666667,227.0,6,At-Risk
INV003581,51.285714285714285,95.0,7,At-Risk
INV003582,49.333333333333336,167.0,6,At-Risk
INV003586,54.285714285714285,113.0,7,At-Risk
INV003592,75.6,202.0,5,At-Risk
INV003593,78.2,166.0,5,At-Risk
INV003598,68.0,114.0,7,At-Risk
INV003599,50.0,100.0,5,At-Risk
INV003601,45.25,118.0,8,At-Risk
INV003604,90.2,188.0,5,At-Risk
INV003607,70.4,253.0,5,At-Risk
INV003611,68.83333333333333,228.0,6,At-Risk
INV003613,67.42857142857143,283.0,7,At-Risk
INV003619,72.0,113.0,5,At-Risk
INV003625,62.4,168.0,5,At-Risk
INV003627,59.166666666666664,152.0,6,At-Risk
INV003630,52.0,96.0,6,At-Risk
INV003633,78.8,119.0,5,At-Risk
INV003634,47.8,83.0,5,At-Risk
INV003635,47.111111111111114,95.0,9,At-Risk
INV003641,67.0,219.0,7,At-Risk
INV003642,53.166666666666664,217.0,6,At-Risk
INV003645,95.2,257.0,5,At-Risk
INV003649,96.8,195.0,5,At-Risk
INV003650,33.9,86.0,10,Regular
INV003654,60.5,124.0,6,At-Risk
INV003655,49.77777777777778,198.0,9,At-Risk
INV003658,70.71428571428571,143.0,7,At-Risk
INV003660,79.0,164.0,5,At-Risk
INV003669,53.5,98.0,6,At-Risk
INV003670,70.85714285714286,160.0,7,At-Risk
INV003672,77.2,180.0,5,At-Risk
INV003673,68.85714285714286,160.0,7,At-Risk
INV003678,32.8,45.0,5,Regular
INV003681,51.0,101.0,8,At-Risk
INV003683,92.4,165.0,5,At-Risk
INV003684,98.2,229.0,5,At-Risk
INV003685,80.2,132.0,5,At-Risk
INV003686,96.6,328.0,5,At-Risk
INV003693,71.33333333333333,234.0,6,At-Risk
INV003695,51.666666666666664,157.0,6,At-Risk
INV003696,75.8,190.0,5,At-Risk
INV003697,76.66666666666667,163.0,6,At-Risk
INV003702,72.66666666666667,118.0,6,At-Risk
INV003705,78.8,152.0,5,At-Risk
INV003707,68.6,152.0,5,At-Risk
INV003708,60.5,104.0,6,At-Risk
INV003709,80.2,181.0,5,At-Risk
INV003710,78.6,118.0,5,At-Risk
INV003711,72.2,145.0,5,At-Risk
INV003712,79.6,163.0,5,At-Risk
INV003713,81.5,161.0,6,At-Risk
INV003718,91.4,284.0,5,At-Risk
INV003720,74.6,116.0,5,At-Risk
INV003722,50.666666666666664,135.0,6,At-Risk
INV003723,61.8,124.0,5,At-Risk
INV003724,68.0,169.0,6,At-Risk
INV003733,88.8,174.0,5,At-Risk
INV003734,59.0,290.0,7,At-Risk
INV003735,45.857142857142854,104.0,7,At-Risk
INV003736,77.16666666666667,120.0,6,At-Risk
INV003738,50.6,117.0,5,At-Risk
INV003740,51.833333333333336,172.0,6,At-Risk
INV003741,67.66666666666667,159.0,6,At-Risk
INV003744,86.8,187.0,5,At-Risk
INV003745,70.2,183.0,5,At-Risk
INV003748,56.142857142857146,182.0,7,At-Risk
INV003757,81.83333333333333,156.0,6,At-Risk
INV003761,51.857142857142854,150.0,7,At-Risk
INV003766,65.28571428571429,192.0,7,At-Risk
INV003767,47.5,125.0,8,At-Risk
INV003771,50.77777777777778,130.0,9,At-Risk
INV003772,34.5,72.0,8,Regular
INV003775,74.0,151.0,5,At-Risk
INV003779,76.4,160.0,5,At-Risk
INV003780,57.42857142857143,135.0,7,At-Risk
INV003781,64.83333333333333,199.0,6,At-Risk
INV003785,74.2,160.0,5,At-Risk
INV003787,63.25,178.0,8,At-Risk
INV003793,72.33333333333333,203.0,6,At-Risk
INV003795,67.66666666666667,122.0,6,At-Risk
INV003811,78.66666666666667,141.0,6,At-Risk
INV003812,50.833333333333336,174.0,6,At-Risk
INV003813,82.2,122.0,5,At-Risk
INV003815,72.5,217.0,6,At-Risk
INV003824,71.5,196.0,6,At-Risk
INV003825,81.2,99.0,5,At-Risk
INV003828,30.666666666666668,109.0,6,Regular
INV003829,48.55555555555556,159.0,9,At-Risk
INV003830,71.4,115.0,5,At-Risk
INV003844,68.5,197.0,6,At-Risk
INV003847,50.0,66.0,7,At-Risk
INV003849,77.2,146.0,5,At-Risk
INV003851,57.833333333333336,121.0,6,At-Risk
INV003860,46.0,72.0,5,At-Risk
INV003862,60.166666666666664,184.0,6,At-Risk
INV003865,85.16666666666667,235.0,6,At-Risk
INV003868,87.6,264.0,5,At-Risk
INV003872,45.375,85.0,8,At-Risk
INV003876,77.6,160.0,5,At-Risk
INV003880,68.57142857142857,193.0,7,At-Risk
INV003885,71.6,281.0,5,At-Risk
INV003892,55.22222222222222,114.0,9,At-Risk
INV003896,82.0,255.0,5,At-Risk
INV003897,71.6,144.0,5,At-Risk
INV003903,50.285714285714285,130.0,7,At-Risk
INV003905,62.5,103.0,6,At-Risk
INV003906,55.111111111111114,115.0,9,At-Risk
INV003912,68.6,195.0,5,At-Risk
INV003913,61.42857142857143,136.0,7,At-Risk
INV003916,67.2,114.0,5,At-Risk
INV003920,66.85714285714286,132.0,7,At-Risk
INV003936,89.6,227.0,5,At-Risk
INV003938,52.5,110.0,6,At-Risk
INV003940,70.66666666666667,151.0,6,At-Risk
INV003943,42.5,88.0,8,At-Risk
INV003945,56.333333333333336,175.0,6,At-Risk
INV003946,69.16666666666667,147.0,6,At-Risk
INV003948,43.666666666666664,101.0,6,At-Risk
INV003952,54.666666666666664,95.0,6,At-Risk
INV003958,85.6,133.0,5,At-Risk
INV003962,68.71428571428571,302.0,7,At-Risk
INV003964,51.22222222222222,130.0,9,At-Risk
INV003968,92.4,209.0,5,At-Risk
INV003972,84.2,224.0,5,At-Risk
INV003975,50.142857142857146,125.0,7,At-Risk
INV003978,68.14285714285714,209.0,7,At-Risk
INV003979,56.0,123.0,7,At-Risk
INV003981,67.66666666666667,237.0,6,At-Risk
INV003985,93.0,191.0,5,At-Risk
INV003996,95.2,244.0,5,At-Risk
INV004001,40.285714285714285,123.0,7,At-Risk
INV004004,40.77777777777778,88.0,9,At-Risk
INV004005,73.66666666666667,314.0,6,At-Risk
INV004007,38.833333333333336,102.0,6,At-Risk
INV004009,62.285714285714285,87.0,7,At-Risk
INV004014,61.875,182.0,8,At-Risk
INV004015,88.0,190.0,5,At-Risk
INV004017,40.5,85.0,6,At-Risk
INV004023,52.0,93.0,9,At-Risk
INV004037,74.6,137.0,5,At-Risk
INV004038,71.66666666666667,207.0,6,At-Risk
INV004049,48.2,83.0,5,At-Risk
INV004063,56.57142857142857,167.0,7,At-Risk
INV004066,75.16666666666667,319.0,6,At-Risk
INV004069,74.0,196.0,5,At-Risk
INV004070,67.66666666666667,170.0,6,At-Risk
INV004079,71.33333333333333,164.0,6,At-Risk
INV004085,68.33333333333333,260.0,6,At-Risk
INV004091,73.6,240.0,5,At-Risk
INV004094,55.8,167.0,5,At-Risk
INV004098,58.2,87.0,5,At-Risk
INV004099,58.8,174.0,5,At-Risk
INV004106,55.8,151.0,5,At-Risk
INV004112,55.2,112.0,5,At-Risk
INV004116,54.888888888888886,117.0,9,At-Risk
INV004118,64.6,161.0,5,At-Risk
INV004119,73.2,237.0,5,At-Risk
INV004123,85.0,138.0,5,At-Risk
INV004124,63.8,193.0,5,At-Risk
INV004125,61.625,142.0,8,At-Risk
INV004127,87.6,190.0,5,At-Risk
INV004128,67.2,156.0,5,At-Risk
INV004134,35.4,54.0,5,At-Risk
INV004135,50.111111111111114,164.0,9,At-Risk
INV004143,97.0,280.0,5,At-Risk
INV004145,66.2,144.0,5,At-Risk
INV004146,88.2,253.0,5,At-Risk
INV004147,72.2,136.0,5,At-Risk
INV004149,50.2,130.0,5,At-Risk
INV004151,63.142857142857146,197.0,7,At-Risk
INV004153,60.0,125.0,7,At-Risk
INV004154,46.72727272727273,90.0,11,At-Risk
INV004172,63.0,196.0,7,At-Risk
INV004174,86.6,195.0,5,At-Risk
INV004175,67.85714285714286,133.0,7,At-Risk
INV004177,45.42857142857143,117.0,7,At-Risk
INV004179,71.2,129.0,5,At-Risk
INV004181,93.4,245.0,5,At-Risk
INV004191,77.16666666666667,310.0,6,At-Risk
INV004196,78.33333333333333,219.0,6,At-Risk
INV004199,58.2,138.0,5,At-Risk
INV004202,47.625,114.0,8,At-Risk
INV004203,66.57142857142857,113.0,7,At-Risk
INV004208,73.4,156.0,5,At-Risk
INV004212,69.33333333333333,169.0,6,At-Risk
INV004216,82.0,195.0,6,At-Risk
INV004228,72.33333333333333,112.0,6,At-Risk
INV004232,71.4,232.0,5,At-Risk
INV004239,61.142857142857146,130.0,7,At-Risk
INV004241,53.666666666666664,117.0,9,At-Risk
INV004243,55.714285714285715,131.0,7,At-Risk
INV004246,34.166666666666664,64.0,6,Regular
INV004247,87.2,274.0,5,At-Risk
INV004248,42.666666666666664,93.0,6,At-Risk
INV004258,49.666666666666664,105.0,6,At-Risk
INV004266,61.833333333333336,101.0,6,At-Risk
INV004267,53.333333333333336,109.0,6,At-Risk
INV004270,69.66666666666667,204.0,6,At-Risk
INV004271,79.8,157.0,5,At-Risk
INV004279,50.285714285714285,116.0,7,At-Risk
INV004281,41.714285714285715,93.0,7,At-Risk
INV004282,52.857142857142854,105.0,7,At-Risk
INV004285,76.16666666666667,169.0,6,At-Risk
INV004288,72.83333333333333,223.0,6,At-Risk
INV004289,45.9,201.0,10,At-Risk
INV004293,81.8,142.0,5,At-Risk
INV004295,44.75,119.0,8,At-Risk
INV004296,102.2,304.0,5,At-Risk
INV004297,41.875,82.0,8,At-Risk
INV004299,64.14285714285714,175.0,7,At-Risk
INV004306,57.0,118.0,6,At-Risk
INV004308,84.66666666666667,244.0,6,At-Risk
INV004314,83.0,195.0,5,At-Risk
INV004319,60.5,275.0,8,At-Risk
INV004321,42.0,84.0,8,At-Risk
INV004324,77.66666666666667,173.0,6,At-Risk
INV004326,40.111111111111114,78.0,9,At-Risk
INV004332,64.71428571428571,149.0,7,At-Risk
INV004335,64.42857142857143,104.0,7,At-Risk
INV004338,48.888888888888886,209.0,9,At-Risk
INV004340,67.8,252.0,5,At-Risk
INV004343,63.0,190.0,5,At-Risk
INV004348,52.2,120.0,5,At-Risk
INV004349,72.5,159.0,6,At-Risk
INV004356,30.8,81.0,5,Regular
INV004357,72.42857142857143,305.0,7,At-Risk
INV004358,45.857142857142854,87.0,7,At-Risk
INV004361,61.57142857142857,124.0,7,At-Risk
INV004364,80.6,173.0,5,At-Risk
INV004367,81.6,194.0,5,At-Risk
INV004372,59.2,155.0,5,At-Risk
INV004391,57.0,96.0,5,At-Risk
INV004392,90.4,200.0,5,At-Risk
INV004400,46.57142857142857,104.0,7,At-Risk
INV004401,69.85714285714286,216.0,7,At-Risk
INV004403,73.6,150.0,5,At-Risk
INV004410,40.9,138.0,10,At-Risk
INV004411,61.0,111.0,5,At-Risk
INV004412,82.33333333333333,173.0,6,At-Risk
INV004413,69.0,142.0,7,At-Risk
INV004414,53.857142857142854,176.0,7,At-Risk
INV004421,90.8,221.0,5,At-Risk
INV004427,50.8,125.0,10,At-Risk
INV004434,84.6,156.0,5,At-Risk
INV004446,65.8,170.0,5,At-Risk
INV004447,49.833333333333336,129.0,6,At-Risk
INV004450,61.6,153.0,5,At-Risk
INV004451,84.0,137.0,5,At-Risk
INV004452,81.0,180.0,6,At-Risk
INV004454,98.4,311.0,5,At-Risk
INV004455,50.0,105.0,5,At-Risk
INV004457,81.4,188.0,5,At-Risk
INV004459,53.833333333333336,141.0,6,At-Risk
INV004460,42.5,93.0,8,At-Risk
INV004463,94.8,211.0,5,At-Risk
INV004464,62.5,142.0,6,At-Risk
INV004468,76.83333333333333,154.0,6,At-Risk
INV004472,50.666666666666664,156.0,6,At-Risk
INV004473,73.33333333333333,152.0,6,At-Risk
INV004475,67.83333333333333,87.0,6,At-Risk
INV004477,58.714285714285715,180.0,7,At-Risk
INV004484,61.6,182.0,5,At-Risk
INV004502,74.5,165.0,6,At-Risk
INV004504,55.142857142857146,247.0,7,At-Risk
INV004511,37.2,89.0,5,At-Risk
INV004517,86.6,185.0,5,At-Risk
INV004521,54.5,76.0,6,At-Risk
INV004523,87.2,127.0,5,At-Risk
INV004528,54.0,149.0,6,At-Risk
INV004531,60.0,159.0,7,At-Risk
INV004533,55.0,118.0,6,At-Risk
INV004542,34.0,59.0,6,Regular
INV004547,67.5,165.0,6,At-Risk
INV004555,53.142857142857146,151.0,7,At-Risk
INV004560,48.375,107.0,8,At-Risk
INV004562,83.8,158.0,5,At-Risk
INV004563,64.83333333333333,211.0,6,At-Risk
INV004574,54.57142857142857,116.0,7,At-Risk
INV004576,63.0,132.0,5,At-Risk
INV004579,43.857142857142854,77.0,7,At-Risk
INV004581,72.14285714285714,234.0,7,At-Risk
INV004589,71.4,225.0,5,At-Risk
INV004594,59.142857142857146,122.0,7,At-Risk
INV004598,84.2,195.0,5,At-Risk
INV004602,59.625,242.0,8,At-Risk
INV004607,56.0,214.0,7,At-Risk
INV004608,55.0,96.0,7,At-Risk
INV004611,51.166666666666664,217.0,6,At-Risk
INV004614,79.6,117.0,5,At-Risk
INV004617,39.25,83.0,8,At-Risk
INV004621,54.25,203.0,8,At-Risk
INV004625,96.4,246.0,5,At-Risk
INV004629,64.57142857142857,175.0,7,At-Risk
INV004630,50.625,95.0,8,At-Risk
INV004631,64.71428571428571,109.0,7,At-Risk
INV004633,78.16666666666667,189.0,6,At-Risk
INV004635,58.666666666666664,142.0,6,At-Risk
INV004636,75.6,160.0,5,At-Risk
INV004638,54.333333333333336,110.0,6,At-Risk
INV004640,68.33333333333333,202.0,6,At-Risk
INV004641,67.8,105.0,5,At-Risk
INV004642,54.8,232.0,5,At-Risk
INV004643,50.6,101.0,5,At-Risk
INV004646,64.5,158.0,6,At-Risk
INV004647,70.66666666666667,138.0,6,At-Risk
INV004650,80.8,143.0,5,At-Risk
INV004661,69.71428571428571,181.0,7,At-Risk
INV004665,83.4,137.0,5,At-Risk
INV004672,72.0,127.0,6,At-Risk
INV004680,47.166666666666664,155.0,6,At-Risk
INV004682,42.25,105.0,8,At-Risk
INV004688,77.6,181.0,5,At-Risk
INV004692,83.6,190.0,5,At-Risk
INV004701,20.0,82.0,6,Regular
INV004704,93.8,141.0,5,At-Risk
INV004712,48.57142857142857,84.0,7,At-Risk
INV004715,56.833333333333336,169.0,6,At-Risk
INV004716,74.0,197.0,6,At-Risk
INV004737,54.55555555555556,120.0,9,At-Risk
INV004738,93.2,148.0,5,At-Risk
INV004741,72.33333333333333,157.0,6,At-Risk
INV004753,61.4,87.0,5,At-Risk
INV004755,61.166666666666664,181.0,6,At-Risk
INV004761,71.4,139.0,5,At-Risk
INV004763,83.5,184.0,6,At-Risk
INV004764,83.0,144.0,5,At-Risk
INV004770,72.85714285714286,146.0,7,At-Risk
INV004776,57.375,145.0,8,At-Risk
INV004780,69.5,154.0,6,At-Risk
INV004785,66.16666666666667,248.0,6,At-Risk
INV004787,72.33333333333333,140.0,6,At-Risk
INV004798,53.666666666666664,106.0,6,At-Risk
INV004804,79.2,137.0,5,At-Risk
INV004805,44.666666666666664,92.0,6,At-Risk
INV004807,36.857142857142854,86.0,7,At-Risk
INV004813,62.0,253.0,5,At-Risk
INV004819,62.0,120.0,6,At-Risk
INV004825,70.0,141.0,6,At-Risk
INV004833,65.4,171.0,5,At-Risk
INV004834,38.625,106.0,8,At-Risk
INV004840,41.0,103.0,6,At-Risk
INV004843,50.857142857142854,153.0,7,At-Risk
INV004844,66.66666666666667,118.0,6,At-Risk
INV004845,81.8,197.0,5,At-Risk
INV004847,73.5,281.0,6,At-Risk
INV004848,54.125,166.0,8,At-Risk
INV004860,78.4,189.0,5,At-Risk
INV004863,68.0,220.0,6,At-Risk
INV004864,43.285714285714285,114.0,7,At-Risk
INV004865,76.33333333333333,143.0,6,At-Risk
INV004868,56.0,226.0,7,At-Risk
INV004871,69.14285714285714,170.0,7,At-Risk
INV004877,80.5,276.0,6,At-Risk
INV004889,70.66666666666667,159.0,6,At-Risk
INV004891,55.857142857142854,128.0,7,At-Risk
INV004896,79.4,252.0,5,At-Risk
INV004901,54.6,96.0,5,At-Risk
INV004911,63.666666666666664,97.0,6,At-Risk
INV004913,87.0,156.0,5,At-Risk
INV004916,75.5,162.0,6,At-Risk
INV004917,51.0,77.0,6,At-Risk
INV004924,59.75,116.0,8,At-Risk
INV004925,70.83333333333333,105.0,6,At-Risk
INV004926,66.28571428571429,133.0,7,At-Risk
INV004927,34.166666666666664,63.0,6,Regular
INV004947,45.0,75.0,5,At-Risk
INV004953,67.16666666666667,138.0,6,At-Risk
INV004956,59.142857142857146,155.0,7,At-Risk
INV004958,73.16666666666667,135.0,6,At-Risk
INV004959,68.6,193.0,5,At-Risk
INV004967,63.2,112.0,5,At-Risk
INV004973,55.0,99.0,8,At-Risk
INV004974,52.42857142857143,102.0,7,At-Risk
INV004978,63.833333333333336,157.0,6,At-Risk
INV004981,49.142857142857146,115.0,7,At-Risk
INV004983,57.666666666666664,128.0,6,At-Risk
INV004984,75.33333333333333,177.0,6,At-Risk
INV004986,81.33333333333333,185.0,6,At-Risk
INV004992,81.5,176.0,6,At-Risk
INV004996,46.333333333333336,104.0,9,At-Risk
INV004997,71.0,248.0,6,At-Risk
